2017-09-08 12:18:13;ЩЭОЯЮ WAREP 34519 0812161 40 72081//=
2017-10-07 11:00:33;ЩЭОЯЮ WAREP 34519 0711001 40 72010//=
2017-10-07 13:56:25;ЩЭОЯЮ WAREP 34519 0713551 40 71010//=
2017-10-07 14:25:39;ЩЭОЯЮ WAREP 34519 0714251 40 70846//=
2017-10-07 15:26:09;ЩЭОЯЮ WAREP 34519 0715251 40 70547//=
2017-10-11 20:15:40;ЩЭОЯЮ WAREP 34519 1120151 40 72010//=
2017-10-11 21:42:05;ЩЭОЯЮ WAREP 34519 1121401 40 71010//=испр
2017-10-12 03:18:18;ЩЭОЯЮ WAREP 34519 1203171 40 70846//=
2017-10-12 10:39:57;ЩЭОЯЮ WAREP 34519 1210381 40 72061//=
2017-10-15 13:51:16;ЩЭОЯЮ WAREP 34519 1513501 40 72010//=
2017-10-17 23:05:33;ЩЭОЯЮ WAREP 34519 1723051 40 72010//=
2017-10-18 01:41:01;ЩЭОЯЮ WAREP 34519 1801401 40 71010//
2017-10-18 01:55:08;ЩЭОЯЮ WAREP 34519 1801401 40 71010//=испр
2017-10-18 02:01:03;ЩЭОЯЮ WAREP 34519 1802001 40 70547//= 
2017-10-18 06:11:06;ЩЭОЯЮ WAREP 34519 1806101 40 70247//=
2017-10-19 00:10:03;ЩЭОЯЮ WAREP 34519 1900101 40 72010//=
2017-10-19 00:20:14;ЩЭОЯЮ WAREP 34519 1900201 40 71010//=
2017-10-19 00:55:07;ЩЭОЯЮ WAREP 34519 1900551 40 70847//=
2017-10-19 04:40:45;ЩЭОЯЮ WAREP 34519 1904401 40 71010//=
2017-10-19 04:45:31;ЩЭОЯЮ WAREP 34519 1904451 40 70846//=
2017-10-19 04:56:09;ЩЭОЯЮ WAREP 34519 1904551 40 70546//=
2017-10-19 19:30:08;ЩЭОЯЮ WAREP 34519 1919301 40 72010//=
2017-10-19 20:15:36;ЩЭОЯЮ WAREP 34519 1920151 40 71010//=
2017-10-19 20:34:03;ЩЭОЯЮ WAREP 34519 1920331 40 70847//=
2017-10-19 21:35:41;ЩЭОЯЮ WAREP 34519 1921351 40 70547//=
2017-10-20 04:26:09;ЩЭОЯЮ WAREP 34519 2004251 40 70247//=
2017-10-21 19:40:51;ЩЭОЯЮ WAREP 34519 2119401 40 72010// 30 88792=
2017-10-21 20:49:43;ЩЭОЯЮ WAREP 34519 2119401 40 72010// 30 88792=
2017-10-22 00:45:38;ЩЭОЯЮ WAREP 34519 2200451 40 71010//=
2017-10-22 01:03:45;ЩЭОЯЮ WAREP 34519 2201031 40 70847//=
2017-10-22 02:42:26;ЩЭОЯЮ WAREP 34519 2201031 40 70847//=
2017-10-27 03:15:04;ЩЭОЯЮ WAREP 34519 2703151 40 72010//=
2017-10-27 03:30:45;ЩЭОЯЮ WAREP 34519 2703301 40 71010//=
2017-10-27 03:55:08;ЩЭОЯЮ WAREP 34519 2703551 40 70847//=
2017-10-27 04:50:47;ЩЭОЯЮ WAREP 34519 2704511 40 70547//=
2017-10-27 05:10:11;ЩЭОЯЮ WAREP 34519 2705101 40 70247//=
2017-10-28 00:35:03;ЩЭОЯЮ WAREP 34519 2800351 40 72010//=
2017-10-28 04:01:38;ЩЭОЯЮ WAREP 34519 2804001 40 71010//=
2017-10-28 04:12:11;ЩЭОЯЮ WAREP 34519 2804121 40 70847//=
2017-10-28 05:05:29;ЩЭОЯЮ WAREP 34519 2805051 40 70547//=
2017-10-28 17:11:23;ЩЭОЯЮ WAREP 34519 2817101 40 72010//=
2017-10-28 18:10:19;ЩЭОЯЮ WAREP 34519 2818101 40 71010//=
2017-11-04 02:25:16;ЩЭОЯЮ WAREP 34519 0402251 40 72010//=
2017-11-04 03:20:19;ЩЭОЯЮ WAREP 34519 0403201 40 71010//=
2017-11-04 03:45:12;ЩЭОЯЮ WAREP 34519 0403451 40 70847//=
2017-11-07 10:52:14;ЩЭОЯЮ WAREP 34519 0710521 40 72010//=
2017-11-07 19:42:03;ЩЭОЯЮ WAREP 34519 0719401 40 71010//=
2017-11-07 21:10:18;ЩЭОЯЮ WAREP 34519 0721101 40 70847//=
2017-11-09 20:01:02;ЩЭОЯЮ WAREP 34519 0920001 30 88792 40 72010//=
2017-11-09 20:40:38;ЩЭОЯЮ WAREP 34519 0920401 30 88791 40 71010//=
2017-11-09 21:26:44;ЩЭОЯЮ WAREP 34519 0921251 40 70847//=
2017-11-10 23:55:23;ЩЭОЯЮ WAREP 34519 1023551 30 88792 40 72010//=
2017-11-11 20:15:28;ЩЭОЯЮ WAREP 34519 1120151 40 72010//=
2017-11-11 23:30:25;ЩЭОЯЮ WAREP 34519 1123301 40 71010//=
2017-11-12 00:15:04;ЩЭОЯЮ WAREP 34519 1200151 40 70847//=
2017-11-12 04:23:03;ЩЭОЯЮ WAREP 34519 1204231 40 70547//=
2017-11-12 04:50:40;ЩЭОЯЮ WAREP 34519 1204501 40 70247//=
2017-12-14 05:23:37;ЩЭОЯЮ WAREP 34519 1405101 40 70247//=
2017-12-15 10:56:58;ЩЭОЯЮ WAREP 34519 1510451 40 70547//=
2017-12-15 11:07:00;ЩЭОЯЮ WAREP 34519 1511021 40 70247//=
2017-12-18 13:34:26;ЩЭОЯЮ WAREP 34519 1813131 30 88792 40 72010//=
2017-12-18 13:34:36;ЩЭОЯЮ WAREP 34519 1813271 40 71010//=
2017-12-18 15:09:54;ЩЭОЯЮ WAREP 34519 1814021 40 70847//=
2017-12-18 15:10:21;ЩЭОЯЮ WAREP 34519 1814201 40 70547//=
2017-12-20 05:38:57;ЩЭОЯЮ WAREP 34519 2005251 40 71073//=
2017-12-20 07:44:27;ЩЭОЯЮ WAREP 34519 2007381 40 72071//=
2017-12-22 08:30:31;ЩЭОЯЮ WAREP 34519 2208001 40 72086//=
2017-12-25 13:26:57;ЩЭОЯЮ WAREP 34519 2513001 40 72010//=
2017-12-26 07:13:09;ЩЭОЯЮ WAREP 34519 2607001 40 72010//=
2017-12-26 07:57:46;ЩЭОЯЮ WAREP 34519 2607201 30 88792 40 71010//=
2017-12-26 07:57:55;ЩЭОЯЮ WAREP 34519 2607421 40 70547//=
2017-12-29 06:12:50;ЩЭОЯЮ WAREP 34519 2906121 40 71010//=
2017-12-29 06:41:01;ЩЭОЯЮ WAREP 34519 2906301 40 70547//=
2017-12-30 18:03:26;ЩЭОЯЮ WAREP 34519 3017401 30 88792 40 72010//=
2017-12-30 18:19:47;ЩЭОЯЮ WAREP 34519 3018151 30 88791 40 71010//=
2017-12-30 21:16:50;ЩЭОЯЮ WAREP 34519 3018581 40 70847//=
2017-12-30 21:17:01;ЩЭОЯЮ WAREP 34519 3019051 40 70547//=
2018-01-04 04:13:24;ЩЭОЯЮ WAREP 34519 0403501 40 72010//=
2018-01-04 04:13:32;ЩЭОЯЮ WAREP 34519 0404001 40 71010//=
2018-01-04 04:13:41;ЩЭОЯЮ WAREP 34519 0404051 40 70847//=
2018-01-04 05:29:48;ЩЭОЯЮ WAREP 34519 0405201 40 70549//=
2018-01-07 09:04:09;ЩЭОЯЮ WAREP 34519 0707231 40 72010//=
2018-01-11 05:11:28;ЩЭОЯЮ WAREP 34519 1105101 40 72010//=
2018-01-16 09:33:02;ЩЭОЯЮ WAREP 34519 1606211 40 72073//=
2018-01-16 12:49:00;ЩЭОЯЮ WAREP 34519 1612431 40 72010//=
2018-01-17 00:19:08;ЩЭОЯЮ WAREP 34519 1700071 40 72073//=
2018-01-17 03:28:14;ЩЭОЯЮ WAREP 34519 1702371 40 72073//=
2018-01-17 03:28:21;ЩЭОЯЮ WAREP 34519 1703251 40 71038// 1140610=
2018-01-19 13:11:35;ЩЭОЯЮ WAREP 34519 1913001 40 72071//=
2018-01-19 14:13:25;ЩЭОЯЮ WAREP 34519 1913151 40 71073//=
2018-01-20 06:01:12;ЩЭОЯЮ WAREP 34519 2005451 40 72010//=
2018-01-20 07:04:00;ЩЭОЯЮ WAREP 34519 2006531 40 71010//=
2018-01-20 07:34:04;ЩЭОЯЮ WAREP 34519 2007051 40 70847//=
2018-01-20 15:04:36;ЩЭОЯЮ WAREP 34519 2014401 40 72010//=
2018-01-20 15:04:42;ЩЭОЯЮ WAREP 34519 2014481 40 71010//=
2018-01-20 15:20:58;ЩЭОЯЮ WAREP 34519 2015201 40 70849//=
2018-01-20 17:38:08;ЩЭОЯЮ WAREP 34519 2017101 40 70549//=
2018-01-21 06:13:49;ЩЭОЯЮ WAREP 34519 2105331 40 72010//=
2018-01-21 06:13:57;ЩЭОЯЮ WAREP 34519 2105401 40 71010//=
2018-01-21 06:16:23;ЩЭОЯЮ WAREP 34519 2106071 40 70547//=
2018-01-23 04:36:17;ЩЭОЯЮ WAREP 34519 2304301 40 71073//=
2018-01-28 04:10:06;ЩЭОЯЮ WAREP 34519 2803301 40 72010//=
2018-01-29 00:23:27;ЩЭОЯЮ WAREP 34519 2900221 40 72010//=
2018-01-29 04:55:08;ЩЭОЯЮ WAREP 34519 2904481 40 72071//=
2018-01-31 10:14:54;ЩЭОЯЮ WAREP 34519 3109351 40 71086//=
2018-02-03 21:01:00;ЩЭОЯЮ WAREP 34519 0414161 30 88793 40 72010//=
2018-02-08 04:31:19;ЩЭОЯЮ WAREP 34519 0804301 40 72010//=
2018-02-08 05:07:21;ЩЭОЯЮ WAREP 34519 0805051 40 71010//=
2018-02-08 05:47:42;ЩЭОЯЮ WAREP 34519 0805101 40 70847//=
2018-02-08 05:47:46;ЩЭОЯЮ WAREP 34519 0805151 40 70547//=
2018-02-09 04:20:08;ЩЭОЯЮ WAREP 34519 0903251 30 88793 40 72010//=
2018-02-09 05:53:30;ЩЭОЯЮ WAREP 34519 0904481 30 88792 40 71010//=
2018-02-09 07:36:49;ЩЭОЯЮ WAREP 34519 0907301 40 72085//=
2018-02-09 08:27:40;ЩЭОЯЮ WAREP 34519 0907371 40 71086//=
2018-02-09 12:22:38;ЩЭОЯЮ WAREP 34519 0911551 40 72010//=
2018-02-09 13:08:36;ЩЭОЯЮ WAREP 34519 0912431 40 71010//=
2018-02-09 15:28:21;ЩЭОЯЮ WAREP 34519 0914221 40 70847//=
2018-02-09 21:21:28;ЩЭОЯЮ WAREP 34519 0919201 40 70547//=
2018-02-12 08:25:54;ЩЭОЯЮ WAREP 34519 1208101 40 72038// 1090814=
2018-02-12 12:38:14;ЩЭОЯЮ WAREP 34519 1210351 40 72038// 1090612=
2018-02-12 18:32:43;ЩЭОЯЮ WAREP 34519 1216301 40 72038// 1110814=
2018-02-13 21:24:17;ЩЭОЯЮ WAREP 34519 1320301 40 72010//=
2018-02-14 04:27:23;ЩЭОЯЮ WAREP 34519 1403451 40 71010//=
2018-02-14 04:27:46;ЩЭОЯЮ WAREP 34519 1404231 40 70847//=
2018-02-16 03:17:23;ЩЭОЯЮ WAREP 34519 1603131 40 71010//=
2018-02-16 04:51:44;ЩЭОЯЮ WAREP 34519 1603201 40 70849// 50 //1021=
2018-02-16 09:04:11;ЩЭОЯЮ WAREP 34519 1608501 40 72010//=
2018-02-17 03:14:59;ЩЭОЯЮ WAREP 34519 1702381 30 88792 40 71010//= 
2018-02-17 12:13:19;ЩЭОЯЮ WAREP 34519 1710401 40 72010//=
2018-02-17 12:13:31;ЩЭОЯЮ WAREP 34519 1711021 40 71010//=
2018-02-17 15:05:19;ЩЭОЯЮ WAREP 34519 1714351 40 70847//=
2018-02-27 16:32:07;ЩЭОЯЮ WAREP 34519 2715571 40 72038// 1091620=
2018-02-28 04:31:58;ЩЭОЯЮ WAREP 34519 2804301 40 72010//=
2018-02-28 05:44:31;ЩЭОЯЮ WAREP 34519 2805151 40 71010//=
2018-03-01 03:14:52;ЩЭОЯЮ WAREP 34519 0102301 40 72038// 1091220=
2018-03-01 03:15:03;ЩЭОЯЮ WAREP 34519 0102451 40 71039// 1091018=
2018-03-01 03:15:16;ЩЭОЯЮ WAREP 34519 0103101 40 70539// 1111018=
2018-03-01 06:21:01;ЩЭОЯЮ WAREP 34519 0106001 40 71038// 1111016=
2018-03-03 04:50:21;ЩЭОЯЮ WAREP 34519 0304101 40 71038// 1140814=
2018-03-07 10:05:45;ЩЭОЯЮ WAREP 34519 0710041 40 70549//=
2018-03-11 19:12:58;ЩЭОЯЮ WAREP 34519 1118501 40 72010//=
2018-03-11 19:25:51;ЩЭОЯЮ WAREP 34519 1119151 30 88793 40 71010//=
2018-03-11 19:50:47;ЩЭОЯЮ WAREP 34519 1119471 40 70847//=
2018-03-15 16:10:40;ЩЭОЯЮ WAREP 34519 1515401 30 88792 40 71010//=
2018-03-15 16:10:48;ЩЭОЯЮ WAREP 34519 1516071 40 70847//=
2018-03-20 20:45:56;ЩЭОЯЮ WAREP 34519 2020401 40 72010//=
2018-03-20 20:52:13;ЩЭОЯЮ WAREP 34519 2020511 40 71010//=
2018-03-20 21:10:28;ЩЭОЯЮ WAREP 34519 2021101 40 70847//=
2018-03-20 21:26:09;ЩЭОЯЮ WAREP 34519 2021251 40 70549//=
2018-03-23 20:43:53;ЩЭОЯЮ WAREP 34519 2319451 40 72010//=
2018-03-26 02:27:55;ЩЭОЯЮ WAREP 34519 2602251 40 72010//=
2018-03-26 03:16:11;ЩЭОЯЮ WAREP 34519 2602451 40 71010//=
2018-03-26 03:17:20;ЩЭОЯЮ WAREP 34519 2602251 40 72010//=
2018-03-26 03:18:21;ЩЭОЯЮ WAREP 34519 2603121 40 70247//=
2018-03-26 03:19:21;ЩЭОЯЮ WAREP 34519 2602511 40 70846//=
2018-03-27 21:34:08;ЩЭОЯЮ WAREP 34519 2721251 40 72010//=
2018-03-29 02:41:05;ЩЭОЯЮ WAREP 34519 2902401 40 72010//=
2018-04-01 03:12:04;ЩЭОЯЮ WAREP 34519 0103101 40 72010//=
2018-04-01 03:39:04;ЩЭОЯЮ WAREP 34519 0103351 40 71010//=
2018-05-15 00:21:21;ЩЭОЯЮ WAREP 34519 1500201 40 72010//=
2018-05-15 02:25:07;ЩЭОЯЮ WAREP 34519 1502201 40 71010//=
2018-05-15 03:14:27;ЩЭОЯЮ WAREP 34519 1503101 40 70547//=
2018-07-16 13:46:35;ЩЭОЯЮ WAREP 34519 1613451 40 72081//=
2018-07-23 03:10:49;ЩЭОЯЮ WAREP 34519 2303101 40 72010//=
2018-07-23 11:30:47;ЩЭОЯЮ WAREP 34519 2311291 11 1250612=
2018-07-23 11:22:00;ЩЭОЯЮ WAREP 34519 2311221 40 72080//=
2018-09-24 04:10:25;ЩЭОЯЮ WAREP 34519 2404091 40 72010//=
2018-09-24 04:16:27;ЩЭОЯЮ WAREP 34519 2404151 40 71010//=
2018-10-03 03:37:02;ЩЭОЯЮ WAREP 34519 0303351 40 72010//=
2018-10-03 11:50:28;ЩЭОЯЮ WAREP 34519 0310401 40 71081//=
2018-10-20 20:10:48;ЩЭОЯЮ WAREP 34519 2020101 40 72010//=
2018-10-22 08:00:33;ЩЭОЯЮ WAREP 34519 2207481 40 71010//=
2018-10-22 09:27:49;ЩЭОЯЮ WAREP 34519 2206331 40 72010//=
2018-10-22 15:20:38;ЩЭОЯЮ WAREP 34519 2215201 40 72010//=
2018-10-31 04:45:44;ЩЭОЯЮ WAREP 34519 3104451 40 72010//=
2018-10-31 05:05:42;ЩЭОЯЮ WAREP 34519 3105051 40 71010//=
2018-11-09 13:51:03;ЩЭОЯЮ WAREP 34519 0913501 40 72010//=
2018-11-09 14:03:21;ЩЭОЯЮ WAREP 34519 0914021 40 71010//=
2018-11-09 14:45:27;ЩЭОЯЮ WAREP 34519 0914451 40 70547//=
2018-11-10 15:21:29;ЩЭОЯЮ WAREP 34519 1015201 40 72010//=
2018-11-13 13:38:08;ЩЭОЯЮ WAREP 34519 1313351 40 72086//=
2018-11-16 13:45:00;ЩЭОЯЮ WAREP 34519 1616451 40 72086//=
2018-11-24 06:33:00;ЩЭОЯЮ WAREP 34519 2406331 40 72010//=
2018-11-25 20:15:00;ЩЭОЯЮ WAREP 34519 2520151 30 88793 40 72010//=
2018-11-25 20:30:00;ЩЭОЯЮ WAREP 34519 2520301 40 71010//=
2018-11-26 06:35:00;ЩЭОЯЮ WAREP 34519 2606351 30 88793 40 72010//=
2018-11-26 17:45:00;ЩЭОЯЮ WAREP 34519 2617451 40 72010//=
2018-11-26 18:50:00;ЩЭОЯЮ WAREP 34519 2618501 40 71010//=
2018-11-26 19:05:00;ЩЭОЯЮ WAREP 34519 2619051 40 70547//=
2018-11-27 11:32:00;ЩЭОЯЮ WAREP 34519 2711321 40 72010//=
2018-11-27 12:12:00;ЩЭОЯЮ WAREP 34519 2712121 40 71010//=
2018-11-27 13:35:00;ЩЭОЯЮ WAREP 34519 2713351 40 70547//=
2018-12-02 19:50:00;ЩЭОЯЮ WAREP 34519 0219501 40 72010//=
2018-12-02 20:40:00;ЩЭОЯЮ WAREP 34519 0220401 30 88792 40 71010//=
2018-12-02 21:57:00;ЩЭОЯЮ WAREP 34519 0221571 40 70549//=
2018-12-04 05:15:00;ЩЭОЯЮ WAREP 34519 0405151 30 88793 40 72010//=
2018-12-07 12:38:40;ЩЭОЯЮ WAREP 34519 0712381 40 72010//=
2018-12-07 13:40:46;ЩЭОЯЮ WAREP 34519 0713401 30 88793 40 71010//=
2018-12-10 17:21:08;ЩЭОЯЮ WAREP 34519 1017201 30 88793 40 72010//=
2018-12-10 18:59:02;ЩЭОЯЮ WAREP 34519 1018581 30 88792 40 71010//=
2018-12-10 19:16:01;ЩЭОЯЮ WAREP 34519 1019151 40 70547//=
2018-12-12 07:02:15;ЩЭОЯЮ WAREP 34519 1207001 30 88793 40 72010//=
2018-12-13 19:26:08;ЩЭОЯЮ WAREP 34519 1319251 40 72010//=
2018-12-14 05:17:39;ЩЭОЯЮ WAREP 34519 1405161 40 71010//=
2018-12-20 19:10:00;ЩЭОЯЮ WAREP 34519 2019101 30 88793 40 72010//=
2018-12-21 02:47:00;ЩЭОЯЮ WAREP 34519 2102471 30 88792 40 71010//=
2018-12-21 12:23:00;ЩЭОЯЮ WAREP 34519 1212231 40 70247//=
2018-12-21 12:23:00;ЩЭОЯЮ WAREP 34519 1212231 40 70247//=
2018-12-21 12:23:00;ЩЭОЯЮ WAREP 34519 1212231 40 70247//=
2018-12-21 20:30:00;ЩЭОЯЮ WAREP 34519 2120301 40 72010//=
2018-12-21 21:59:00;ЩЭОЯЮ WAREP 34519 2121591 40 71010//=
2018-12-22 03:15:00;ЩЭОЯЮ WAREP 34519 2203151 40 70549//=
2018-12-22 06:37:00;ЩЭОЯЮ WAREP 34519 2206371 40 72010//=
2018-12-22 06:52:00;ЩЭОЯЮ WAREP 34519 2206521 40 71010//=
2018-12-22 11:25:00;ЩЭОЯЮ WAREP 34519 2211251 40 72010//=
2018-12-22 11:36:00;ЩЭОЯЮ WAREP 34519 2211361 30 88793 40 71010//=
2018-12-22 11:45:00;ЩЭОЯЮ WAREP 34519 2211451 40 70547//=
2018-12-22 11:45:00;ЩЭОЯЮ WAREP 34519 2211451 40 70547//=
2018-12-26 19:48:00;ЩЭОЯЮ WAREP 34519 2619481 40 72071//=
2018-12-26 20:45:00;ЩЭОЯЮ WAREP 34519 2620451 40 71073//=
2019-01-01 07:57:00;ЩЭОЯЮ WAREP 34519 0107571 40 72010//=
2019-01-02 00:12:00;ЩЭОЯЮ WAREP 34519 0200121 40 72010//=
2019-01-02 00:20:00;ЩЭОЯЮ WAREP 34519 0200201 40 71010//=
2019-01-02 00:45:00;ЩЭОЯЮ WAREP 34519 0200451 40 70549//=
2019-01-03 05:47:00;ЩЭОЯЮ WAREP 34519 0305471 40 72010//=
2019-01-03 06:25:00;ЩЭОЯЮ WAREP 34519 0306251 40 71010//=
2019-01-03 09:30:00;ЩЭОЯЮ WAREP 34519 0309301 40 70547//=
2019-01-04 08:50:00;ЩЭОЯЮ WAREP 34519 0408501 40 71073//=
2019-01-04 10:25:00;ЩЭОЯЮ WAREP 34519 0410251 40 70575//=
2019-01-04 19:10:00;ЩЭОЯЮ WAREP 34519 0419101 40 71038// 1320612=
2019-01-06 12:27:00;ЩЭОЯЮ WAREP 34519 0612271 40 71073//=
2019-01-07 09:07:00;ЩЭОЯЮ WAREP 34519 0709071 40 71038// 1050612=
2019-01-07 14:05:00;ЩЭОЯЮ WAREP 34519 0714051 40 72038// 1050612=
2019-01-08 10:30:00;ЩЭОЯЮ WAREP 34519 0810301 40 72010//=
2019-01-08 10:50:00;ЩЭОЯЮ WAREP 34519 0810501 40 71010//=
2019-01-09 06:37:00;ЩЭОЯЮ WAREP 34519 0906371 40 72073//=
2019-01-09 07:28:00;ЩЭОЯЮ WAREP 34519 0907281 40 71073//=
2019-01-10 06:15:00;ЩЭОЯЮ WAREP 34519 1006151 40 71010//=
2019-01-10 16:05:00;ЩЭОЯЮ WAREP 34519 1016051 40 72073//=
2019-01-11 09:02:00;ЩЭОЯЮ WAREP 34519 1109021 40 71010//=
2019-01-11 11:00:00;ЩЭОЯЮ WAREP 34519 1111001 40 70547//=
2019-01-14 05:23:00;ЩЭОЯЮ WAREP 34519 1405231 30 88793 40 71010//=
2019-01-14 05:32:00;ЩЭОЯЮ WAREP 34519 1405321 40 70549//=
2019-01-14 16:00:00;ЩЭОЯЮ WAREP 34519 1416001 30 87793 40 72071//=
2019-01-14 20:00:00;ЩЭОЯЮ WAREP 34519 1420001 30 87792 40 71010//=
2019-01-14 20:52:00;ЩЭОЯЮ WAREP 34519 1420521 40 70547//=
2019-01-15 10:39:00;ЩЭОЯЮ WAREP 34519 1510391 40 71010//=
2019-01-15 13:25:00;ЩЭОЯЮ WAREP 34519 1513251 40 70547//=
2019-01-17 17:38:00;ЩЭОЯЮ WAREP 34519 1717381 40 72010//=
2019-01-17 20:20:00;ЩЭОЯЮ WAREP 34519 1720201 40 71010//=
2019-01-17 20:50:00;ЩЭОЯЮ WAREP 34519 1720501 40 70549//=
2019-01-18 09:10:00;ЩЭОЯЮ WAREP 34519 1809101 40 72010//=
2019-01-19 02:30:00;ЩЭОЯЮ WAREP 34519 1902301 40 72010//=
2019-01-19 02:45:00;ЩЭОЯЮ WAREP 34519 1902451 40 70847//=
2019-01-19 03:05:00;ЩЭОЯЮ WAREP 34519 1903051 40 70547//=
2019-01-19 07:30:00;ЩЭОЯЮ WAREP 34519 1907301 30 87793 40 72010//=
2019-01-19 08:05:00;ЩЭОЯЮ WAREP 34519 1908051 30 87792 40 71010//=
2019-01-19 11:06:00;ЩЭОЯЮ WAREP 34519 1911061 30 87792 40 71010//=
2019-01-19 11:15:00;ЩЭОЯЮ WAREP 34519 1911151 40 70547//=
2019-01-21 03:45:00;ЩЭОЯЮ WAREP 34519 2103451 30 88793 40 72010//=
2019-01-21 03:56:00;ЩЭОЯЮ WAREP 34519 2103561 30 88792 40 71010//=
2019-01-21 04:12:00;ЩЭОЯЮ WAREP 34519 2104121 40 70547//=
2019-01-23 10:45:00;ЩЭОЯЮ WAREP 34519 2310451 40 72010//=
2019-01-23 17:20:00;ЩЭОЯЮ WAREP 34519 2317201 40 72073//=
2019-01-23 18:45:00;ЩЭОЯЮ WAREP 34519 2318451 40 71086//=
2019-01-24 00:15:00;ЩЭОЯЮ WAREP 34519 2400151 40 72010//=
2019-01-24 02:48:00;ЩЭОЯЮ WAREP 34519 2402481 40 71010//=
2019-01-24 03:20:00;ЩЭОЯЮ WAREP 34519 2403201 40 70549//=
2019-01-26 04:30:00;ЩЭОЯЮ WAREP 34519 2604301 40 72010//=
2019-01-26 04:45:00;ЩЭОЯЮ WAREP 34519 2604451 30 88792 40 71010//=
2019-01-26 06:50:00;ЩЭОЯЮ WAREP 34519 2606501 40 70549//=
2019-01-27 13:07:00;ЩЭОЯЮ WAREP 34519 2713071 40 72010//=
2019-01-27 13:12:00;ЩЭОЯЮ WAREP 34519 2713121 30 88793 40 71010//=
2019-01-27 13:25:00;ЩЭОЯЮ WAREP 34519 2713251 40 70547//=
2019-01-28 20:30:00;ЩЭОЯЮ WAREP 34519 2820301 40 72010//=
2019-01-28 20:50:00;ЩЭОЯЮ WAREP 34519 2820501 30 88794 40 71010//=
2019-01-29 23:48:00;ЩЭОЯЮ WAREP 34519 2923481 30 88793 40 72010//=
2019-01-30 00:35:00;ЩЭОЯЮ WAREP 34519 3000351 30 88792 40 71010//=
2019-01-30 00:52:00;ЩЭОЯЮ WAREP 34519 3000521 40 70547//=
2019-02-02 06:45:00;ЩЭОЯЮ WAREP 34519 0206451 40 70549//=
2019-02-05 11:53:00;ЩЭОЯЮ WAREP 34519 0511531 40 72010//=
2019-02-06 04:20:00;ЩЭОЯЮ WAREP 34519 0604201 40 72010//=
2019-02-06 04:40:00;ЩЭОЯЮ WAREP 34519 0604401 40 71010//=
2019-02-06 05:14:00;ЩЭОЯЮ WAREP 34519 0605141 40 70547//=
2019-02-06 08:52:00;ЩЭОЯЮ WAREP 34519 0608521 30 88792 40 71010//==
2019-02-06 11:55:00;ЩЭОЯЮ WAREP 34519 0611551 30 88793 40 72010//=
2019-02-06 19:15:00;ЩЭОЯЮ WAREP 34519 0619151 30 88792 40 71010//=
2019-02-06 21:30:00;ЩЭОЯЮ WAREP 34519 0621301 40 70549// 50 //1011=
2019-02-17 03:30:00;ЩЭОЯЮ WAREP 34519 1703301 30 88792 40 72010//=
2019-02-17 04:40:00;ЩЭОЯЮ WAREP 34519 1704401 40 70549//=
2019-02-21 05:39:00;ЩЭОЯЮ WAREP 34519 2105391 30 88793 40 72010//=
2019-02-21 05:49:00;ЩЭОЯЮ WAREP 34519 2105491 30 88792 40 71010//=
2019-02-25 12:46:00;ЩЭОЯЮ WAREP 34519 2512461 40 72086//=
2019-02-25 13:03:00;ЩЭОЯЮ WAREP 34519 2513031 40 71084//=
2019-03-01 11:48:00;ЩЭОЯЮ WAREP 34519 0111481 11 1320816 40 71088//=
2019-03-10 03:45:00;ЩЭОЯЮ WAREP 34519 1003451 40 72010//=
2019-03-10 03:50:00;ЩЭОЯЮ WAREP 34519 1003501 40 71010//=
2019-03-10 04:10:00;ЩЭОЯЮ WAREP 34519 1004101 40 70547//=
2019-03-15 22:30:00;ЩЭОЯЮ WAREP 34519 1522301 30 88793 40 72010//=
2019-03-17 00:50:00;ЩЭОЯЮ WAREP 34519 1700501 40 72010//=
2019-03-17 03:25:00;ЩЭОЯЮ WAREP 34519 1703251 40 71010//=
2019-03-17 04:32:00;ЩЭОЯЮ WAREP 34519 1704321 40 70547//=
2019-03-17 20:40:00;ЩЭОЯЮ WAREP 34519 1720401 40 72010//=
2019-03-17 23:52:00;ЩЭОЯЮ WAREP 34519 1723521 40 70547//=
2019-03-18 04:13:00;ЩЭОЯЮ WAREP 34519 1804131 40 70047//=
2019-03-18 05:50:00;ЩЭОЯЮ WAREP 34519 1805501 40 70243//=
2019-03-18 22:20:00;ЩЭОЯЮ WAREP 34519 1822201 40 72010//=
2019-03-19 21:18:00;ЩЭОЯЮ WAREP 34519 1921181 30 88793 40 72010//=
2019-03-19 21:45:00;ЩЭОЯЮ WAREP 34519 1921451 30 88792 40 71010//=
2019-03-19 22:37:00;ЩЭОЯЮ WAREP 34519 1922371 40 70547//=
2019-03-21 03:23:00;ЩЭОЯЮ WAREP 34519 2103231 30 88793 40 72010//=
2019-03-23 05:20:00;ЩЭОЯЮ WAREP 34519 2305201 40 72084//=
2019-03-23 05:35:00;ЩЭОЯЮ WAREP 34519 2305351 40 71084//=
2019-03-28 09:15:00;ЩЭОЯЮ WAREP 34519 2809151 40 72084//=
2019-03-28 09:16:00;ЩЭОЯЮ WAREP 34519 2809161 40 71084//=
2019-04-14 04:07:00;ЩЭОЯЮ WAREP 34519 1404071 30 88793 40 72010//=
2019-04-14 04:38:00;ЩЭОЯЮ WAREP 34519 1404381 40 71010//=
2019-04-14 05:00:00;ЩЭОЯЮ WAREP 34519 1405001 40 70547//=
2019-04-14 17:53:00;ЩЭОЯЮ WAREP 34519 1417531 40 72061//=
2019-04-30 05:53:00;ЩЭОЯЮ WAREP 34519 3005531 40 72010//=
2019-04-30 06:10:00;ЩЭОЯЮ WAREP 34519 3006101 30 88793 40 71010//=
2019-04-30 15:34:00;ЩЭОЯЮ WAREP 34519 3015341 40 72081//=
2019-04-30 16:40:00;ЩЭОЯЮ WAREP 34519 3016401 40 71081//=
2019-05-09 02:02:00;ЩЭОЯЮ WAREP 34519 0902021 40 72081//=
2019-05-22 20:55:00;ЩЭОЯЮ WAREP 34519 2220551 30 88793 40 72010//=
2019-08-09 19:35:00;ЩЭОЯЮ WAREP 34519 0919351 40 72081//=
2019-09-18 09:45:00;ЩЭОЯЮ WAREP 34519 1809451 40 71081//=
2019-09-30 04:08:00;ЩЭОЯЮ WAREP 34519 3004081 40 72010//=
2019-09-30 04:14:00;ЩЭОЯЮ WAREP 34519 3004141 40 71010//=
2019-09-30 04:18:00;ЩЭОЯЮ WAREP 34519 3004181 40 70547//=
2019-10-08 04:03:00;ЩЭОЯЮ WAREP 34519 0804031 30 88793 40 72010//=
2019-10-08 04:10:00;ЩЭОЯЮ WAREP 34519 0804101 30 87792 40 71010//=
2019-10-08 04:15:00;ЩЭОЯЮ WAREP 34519 0804151 40 70547//=
2019-10-11 07:10:00;ЩЭОЯЮ WAREP 34519 1107101 40 72010//=
2019-10-11 07:30:00;ЩЭОЯЮ WAREP 34519 1107301 30 88793 40 71010//=
2019-10-14 04:45:00;ЩЭОЯЮ WAREP 34519 1404451 40 72010//=
2019-10-18 01:20:00;ЩЭОЯЮ WAREP 34519 1801201 40 72010//=
2019-10-18 03:16:00;ЩЭОЯЮ WAREP 34519 1803161 40 71010//=
2019-10-18 20:30:00;ЩЭОЯЮ WAREP 34519 1820301 40 72010//=
2019-10-18 21:28:00;ЩЭОЯЮ WAREP 34519 1821281 40 70546//=
2019-10-18 21:50:00;ЩЭОЯЮ WAREP 34519 1821501 40 70247//=
2019-10-20 03:50:00;ЩЭОЯЮ WAREP 34519 2003501 40 72010//=
2019-10-20 04:32:00;ЩЭОЯЮ WAREP 34519 2004321 40 71010//=
2019-10-20 23:30:00;ЩЭОЯЮ WAREP 34519 2023301 40 72010//=
2019-10-21 00:10:00;ЩЭОЯЮ WAREP 34519 2100101 40 71010//=
2019-10-23 00:35:00;ЩЭОЯЮ WAREP 34519 2300351 40 72010//=
2019-10-23 02:23:00;ЩЭОЯЮ WAREP 34519 2302231 40 71010//=
2019-10-23 02:41:00;ЩЭОЯЮ WAREP 34519 2302411 40 70546//=
2019-10-24 03:43:00;ЩЭОЯЮ WAREP 34519 2403431 40 72010//=
2019-10-24 03:51:00;ЩЭОЯЮ WAREP 34519 2403511 40 71010//=
2019-10-24 03:55:00;ЩЭОЯЮ WAREP 34519 2403551 40 70546//=
2019-10-24 16:15:00;ЩЭОЯЮ WAREP 34519 2416151 40 72010//=
2019-10-24 16:25:00;ЩЭОЯЮ WAREP 34519 2416251 40 71010//=
2019-10-24 16:35:00;ЩЭОЯЮ WAREP 34519 2416351 40 70547//=
2019-10-25 04:00:00;ЩЭОЯЮ WAREP 34519 2504001 40 72010//=
2019-10-25 04:10:00;ЩЭОЯЮ WAREP 34519 2504101 40 71010//=
2019-10-25 20:05:00;ЩЭОЯЮ WAREP 34519 2520051 40 72010//=
2019-10-25 23:47:00;ЩЭОЯЮ WAREP 34519 2523471 40 71010//=
2019-10-26 00:20:00;ЩЭОЯЮ WAREP 34519 2600201 40 70547//=
2019-10-26 03:58:00;ЩЭОЯЮ WAREP 34519 2603581 40 70247//=
2019-10-26 20:05:00;ЩЭОЯЮ WAREP 34519 2620051 40 72010//=
2019-10-26 20:47:00;ЩЭОЯЮ WAREP 34519 2620471 40 71010//=
2019-10-26 22:05:00;ЩЭОЯЮ WAREP 34519 2622051 40 70546//=
2019-10-28 23:35:00;ЩЭОЯЮ WAREP 34519 2823351 40 72010//=
2019-10-28 23:50:00;ЩЭОЯЮ WAREP 34519 2823501 30 88793 40 71010//=
2019-10-29 00:15:00;ЩЭОЯЮ WAREP 34519 2900151 40 70547//=
2019-11-05 21:30:00;ЩЭОЯЮ WAREP 34519 0521301 30 88793 40 72010//=
2019-11-05 22:32:00;ЩЭОЯЮ WAREP 34519 0522321 30 88792 40 71010//=
2019-11-07 02:37:00;ЩЭОЯЮ WAREP 34519 0702371 40 72010//=
2019-11-07 02:48:00;ЩЭОЯЮ WAREP 34519 0702481 40 71010//=
2019-11-07 03:10:00;ЩЭОЯЮ WAREP 34519 0703101 40 70547//=
2019-11-08 02:25:00;ЩЭОЯЮ WAREP 34519 0802251 40 72010//=
2019-11-08 02:35:00;ЩЭОЯЮ WAREP 34519 0802351 30 88793 40 71010//=
2019-11-08 02:45:00;ЩЭОЯЮ WAREP 34519 0802451 40 70547//=
2019-11-08 08:25:00;ЩЭОЯЮ WAREP 34519 0808251 30 88793 40 71010//=
2019-11-08 20:32:00;ЩЭОЯЮ WAREP 34519 0820321 40 72010//=
2019-11-08 22:43:00;ЩЭОЯЮ WAREP 34519 0822431 30 88793 40 71010//=
2019-11-08 22:50:00;ЩЭОЯЮ WAREP 34519 0822501 40 70547//=
2019-11-10 04:20:00;ЩЭОЯЮ WAREP 34519 1004201 30 88793 40 72010//=
2019-11-10 04:30:00;ЩЭОЯЮ WAREP 34519 1004301 40 71010//=
2019-11-10 04:35:00;ЩЭОЯЮ WAREP 34519 1004351 40 70547//=
2019-11-10 21:30:00;ЩЭОЯЮ WAREP 34519 1021301 30 88793 40 72010//=
2019-11-11 19:25:00;ЩЭОЯЮ WAREP 34519 1119251 30 88793 40 72010//=
2019-11-11 21:40:00;ЩЭОЯЮ WAREP 34519 1121401 40 71010//=
2019-11-11 22:10:00;ЩЭОЯЮ WAREP 34519 1122101 40 70547//=
2019-11-12 21:13:00;ЩЭОЯЮ WAREP 34519 1221131 30 88793 40 72010//=
2019-11-12 21:20:00;ЩЭОЯЮ WAREP 34519 1221201 40 71010//=
2019-11-12 21:33:00;ЩЭОЯЮ WAREP 34519 1221331 40 70547//=
2019-11-18 03:15:00;ЩЭОЯЮ WAREP 34519 1803151 40 72010//=
2019-11-18 03:22:00;ЩЭОЯЮ WAREP 34519 1803221 40 71010//=
2019-11-18 03:30:00;ЩЭОЯЮ WAREP 34519 1803301 40 70547//=
2019-11-18 23:43:00;ЩЭОЯЮ WAREP 34519 1823431 40 72010//=
2019-11-19 02:37:00;ЩЭОЯЮ WAREP 34519 1902371 40 71010//=
2019-11-19 02:48:00;ЩЭОЯЮ WAREP 34519 1902481 40 70547//=
2019-11-19 21:45:00;ЩЭОЯЮ WAREP 34519 1921451 30 88793 40 72010//=
2019-11-27 19:50:00;ЩЭОЯЮ WAREP 34519 2719501 30 88793 40 72010//=
2019-11-27 23:25:00;ЩЭОЯЮ WAREP 34519 2723251 40 71010//=
2019-11-27 23:48:00;ЩЭОЯЮ WAREP 34519 2723481 40 70547//=
2019-11-28 09:55:00;ЩЭОЯЮ WAREP 34519 2809551 40 72010//=
2019-11-28 10:50:00;ЩЭОЯЮ WAREP 34519 2810501 30 88793 40 71010//=
2019-11-28 12:53:00;ЩЭОЯЮ WAREP 34519 2812531 40 70547//=
2019-11-30 10:23:00;ЩЭОЯЮ WAREP 34519 3010231 40 72010//=
2019-11-30 11:40:00;ЩЭОЯЮ WAREP 34519 3011401 40 71010//=
2019-12-02 05:53:00;ЩЭОЯЮ WAREP 34519 0205531 40 72010//=
2019-12-02 06:05:00;ЩЭОЯЮ WAREP 34519 0206051 40 70549//=
2019-12-03 04:33:00;ЩЭОЯЮ WAREP 34519 0304331 40 72071//=
2019-12-03 04:52:00;ЩЭОЯЮ WAREP 34519 0304521 40 71038// 1180812=
2019-12-05 11:13:00;ЩЭОЯЮ WAREP 34519 0511131 40 72010//=
2019-12-05 13:25:00;ЩЭОЯЮ WAREP 34519 0513251 30 88793 40 71010//=
2019-12-05 14:35:00;ЩЭОЯЮ WAREP 34519 0514351 40 70549//=
2019-12-07 03:20:00;ЩЭОЯЮ WAREP 34519 0703201 40 72010//=
2019-12-07 03:33:00;ЩЭОЯЮ WAREP 34519 0703331 30 88793 40 71010//=
2019-12-07 23:40:00;ЩЭОЯЮ WAREP 34519 0723401 30 88793 40 72010//=
2019-12-08 02:35:00;ЩЭОЯЮ WAREP 34519 0802351 40 71010//=
2019-12-08 03:15:00;ЩЭОЯЮ WAREP 34519 0803151 40 70549// 50 //1001=
2019-12-08 22:25:00;ЩЭОЯЮ WAREP 34519 0822251 40 72010//=
2019-12-09 02:38:00;ЩЭОЯЮ WAREP 34519 0902381 30 88793 40 71010//=
2019-12-09 02:48:00;ЩЭОЯЮ WAREP 34519 0902481 40 70547//=
2019-12-14 00:50:00;ЩЭОЯЮ WAREP 34519 1400501 40 72010//=
2019-12-14 02:05:00;ЩЭОЯЮ WAREP 34519 1402051 30 88793 40 71010//=
2019-12-15 05:10:00;ЩЭОЯЮ WAREP 34519 1505101 30 88792 40 71010//=
2019-12-16 23:48:00;ЩЭОЯЮ WAREP 34519 1623481 40 72010//=
2019-12-17 03:20:00;ЩЭОЯЮ WAREP 34519 1703201 30 88793 40 71010//=
2019-12-17 07:15:00;ЩЭОЯЮ WAREP 34519 1707151 40 71010//=
2019-12-18 07:25:00;ЩЭОЯЮ WAREP 34519 1807251 40 72010//=
2019-12-18 17:04:00;ЩЭОЯЮ WAREP 34519 1817041 30 88792 40 71010//=
2019-12-19 04:27:00;ЩЭОЯЮ WAREP 34519 1904271 30 88793 40 72010//=
2019-12-19 05:03:00;ЩЭОЯЮ WAREP 34519 1905031 30 88792 40 71010//=
2019-12-19 05:17:00;ЩЭОЯЮ WAREP 34519 1905171 40 70547//=
2019-12-20 05:50:00;ЩЭОЯЮ WAREP 34519 2005501 40 72010//=
2019-12-20 06:05:00;ЩЭОЯЮ WAREP 34519 2006051 40 71010//=
2019-12-20 06:08:00;ЩЭОЯЮ WAREP 34519 2006081 40 70546//=
2019-12-20 17:45:00;ЩЭОЯЮ WAREP 34519 2017451 40 72010//=
2019-12-21 21:25:00;ЩЭОЯЮ WAREP 34519 2121251 40 72010//=
2019-12-21 23:50:00;ЩЭОЯЮ WAREP 34519 2123501 30 88793 40 71010//=
2019-12-22 00:27:00;ЩЭОЯЮ WAREP 34519 2200271 40 70547//=
2019-12-24 06:45:00;ЩЭОЯЮ WAREP 34519 2406451 40 72010//=
2019-12-24 22:55:00;ЩЭОЯЮ WAREP 34519 2422551 30 88793 40 72010//=
2019-12-25 03:45:00;ЩЭОЯЮ WAREP 34519 2503451 40 71010//=
2019-12-27 01:59:00;ЩЭОЯЮ WAREP 34519 2701591 30 88793 40 72010//=
2019-12-27 02:10:00;ЩЭОЯЮ WAREP 34519 2702101 40 71010//=
2019-12-27 04:21:00;ЩЭОЯЮ WAREP 34519 2704211 40 70547//=
2019-12-28 03:32:00;ЩЭОЯЮ WAREP 34519 2803321 40 72010//=
2019-12-28 22:30:00;ЩЭОЯЮ WAREP 34519 2822301 40 72010//=
2019-12-30 01:55:00;ЩЭОЯЮ WAREP 34519 3001551 40 72010//=
2019-12-30 04:20:00;ЩЭОЯЮ WAREP 34519 3004201 30 88793 40 71010//=
2019-12-31 05:15:00;ЩЭОЯЮ WAREP 34519 3105151 40 72010//=
2020-01-01 00:45:00;ЩЭОЯЮ WAREP 34519 0100451 40 72010//=
2020-01-04 01:30:00;ЩЭОЯЮ WAREP 34519 0401301 40 72010//=
2020-01-04 03:18:00;ЩЭОЯЮ WAREP 34519 0403181 40 70847//=
2020-01-05 05:45:00;ЩЭОЯЮ WAREP 34519 0505451 40 72010//=
2020-01-05 05:55:00;ЩЭОЯЮ WAREP 34519 0505551 30 88793 40 71010//=
2020-01-05 19:00:00;ЩЭОЯЮ WAREP 34519 0519001 30 88793 40 72010//=
2020-01-06 02:30:00;ЩЭОЯЮ WAREP 34519 0602301 40 71010//=
2020-01-06 12:52:00;ЩЭОЯЮ WAREP 34519 0612521 40 72010//=
2020-01-06 13:20:00;ЩЭОЯЮ WAREP 34519 0613201 40 71010//=
2020-01-06 20:30:00;ЩЭОЯЮ WAREP 34519 0620301 40 72085//=
2020-01-06 23:45:00;ЩЭОЯЮ WAREP 34519 0623451 40 71085//=
2020-01-09 00:35:00;ЩЭОЯЮ WAREP 34519 0900351 40 72010//=
2020-01-09 01:47:00;ЩЭОЯЮ WAREP 34519 0901471 30 88793 40 71010//=
2020-01-09 05:13:00;ЩЭОЯЮ WAREP 34519 0905131 40 70547//=
2020-01-10 00:15:00;ЩЭОЯЮ WAREP 34519 1000151 40 72010//=
2020-01-10 00:30:00;ЩЭОЯЮ WAREP 34519 1000301 30 88793 40 71010//=
2020-01-10 00:57:00;ЩЭОЯЮ WAREP 34519 1000571 40 70549//=
2020-01-10 21:15:00;ЩЭОЯЮ WAREP 34519 1021151 40 72010//=
2020-01-10 22:30:00;ЩЭОЯЮ WAREP 34519 1022301 40 71010//=
2020-01-10 23:30:00;ЩЭОЯЮ WAREP 34519 1023301 40 70547//=
2020-01-11 09:10:00;ЩЭОЯЮ WAREP 34519 1109101 40 72010//=
2020-01-11 09:18:00;ЩЭОЯЮ WAREP 34519 1109181 30 88792 40 71010//=
2020-01-11 17:25:00;ЩЭОЯЮ WAREP 34519 1117251 40 70547//=
2020-01-14 00:37:00;ЩЭОЯЮ WAREP 34519 1400371 40 72010//=
2020-01-14 22:33:00;ЩЭОЯЮ WAREP 34519 1422331 30 88793 40 72010//=
2020-01-15 02:24:00;ЩЭОЯЮ WAREP 34519 1502241 40 71010//=
2020-01-16 22:00:00;ЩЭОЯЮ WAREP 34519 1622001 40 72010//=
2020-01-17 00:20:00;ЩЭОЯЮ WAREP 34519 1700201 30 88792 40 71010//=
2020-01-17 00:40:00;ЩЭОЯЮ WAREP 34519 1700401 40 70549// 50 //1021=
2020-01-18 02:40:00;ЩЭОЯЮ WAREP 34519 1802401 40 72010//=
2020-01-18 03:45:00;ЩЭОЯЮ WAREP 34519 1803451 30 88793 40 71010//=
2020-01-19 02:23:00;ЩЭОЯЮ WAREP 34519 1902231 40 72010//=
2020-01-20 08:38:00;ЩЭОЯЮ WAREP 34519 2008381 40 72010//=
2020-01-20 10:45:00;ЩЭОЯЮ WAREP 34519 2010451 30 88793 40 71010//=
2020-01-20 15:40:00;ЩЭОЯЮ WAREP 34519 2015401 40 72010//=
2020-01-22 08:55:00;ЩЭОЯЮ WAREP 34519 2208551 40 72084//=
2020-01-22 14:25:00;ЩЭОЯЮ WAREP 34519 2214251 30 88793 40 72010//=
2020-01-27 22:45:00;ЩЭОЯЮ WAREP 34519 2722451 40 72010//=
2020-01-28 00:10:00;ЩЭОЯЮ WAREP 34519 2800101 40 71010//=
2020-01-28 02:24:00;ЩЭОЯЮ WAREP 34519 2802241 40 70547//=
2020-02-01 00:27:00;ЩЭОЯЮ WAREP 34519 0100271 40 72010//=
2020-02-01 05:13:00;ЩЭОЯЮ WAREP 34519 0105131 30 88792 40 71010//=
2020-02-01 05:38:00;ЩЭОЯЮ WAREP 34519 0105381 40 70547//=
2020-02-01 10:15:00;ЩЭОЯЮ WAREP 34519 0110151 30 88792 40 72010//=
2020-02-01 10:35:00;ЩЭОЯЮ WAREP 34519 0110351 40 71010//=
2020-02-01 10:45:00;ЩЭОЯЮ WAREP 34519 0110451 40 70547//=
2020-02-01 18:33:00;ЩЭОЯЮ WAREP 34519 0118331 30 88793 40 72010//=
2020-02-05 07:30:00;ЩЭОЯЮ WAREP 34519 0507301 30 88793 40 72083//=
2020-02-05 08:45:00;ЩЭОЯЮ WAREP 34519 0508451 30 87792 40 71084//=
2020-02-05 10:58:00;ЩЭОЯЮ WAREP 34519 0510581 40 70584//=
2020-02-07 08:30:00;ЩЭОЯЮ WAREP 34519 0708301 40 72086//=
2020-02-08 12:45:00;ЩЭОЯЮ WAREP 34519 0812451 40 72085//=
2020-02-08 13:10:00;ЩЭОЯЮ WAREP 34519 0813101 40 71086//=
2020-02-08 13:42:00;ЩЭОЯЮ WAREP 34519 0813421 40 72085//=
2020-02-10 05:50:00;ЩЭОЯЮ WAREP 34519 1005501 40 72071//=
2020-02-12 03:53:00;ЩЭОЯЮ WAREP 34519 1203531 40 72038// 1140812=
2020-02-12 04:28:00;ЩЭОЯЮ WAREP 34519 1204281 40 71038// 1140812=
2020-02-12 06:20:00;ЩЭОЯЮ WAREP 34519 1206201 40 70549//=
2020-02-12 10:10:00;ЩЭОЯЮ WAREP 34519 1210101 40 72073//=
2020-02-12 11:30:00;ЩЭОЯЮ WAREP 34519 1211301 30 88793 40 71010//=
2020-02-12 14:45:00;ЩЭОЯЮ WAREP 34519 1214451 40 72071//=
2020-02-15 04:05:00;ЩЭОЯЮ WAREP 34519 1504051 40 72010//=
2020-02-15 04:47:00;ЩЭОЯЮ WAREP 34519 1504471 40 71010//=
2020-02-16 03:30:00;ЩЭОЯЮ WAREP 34519 1603301 40 72010//=
2020-02-16 04:02:00;ЩЭОЯЮ WAREP 34519 1604021 40 71010//=
2020-02-18 04:36:00;ЩЭОЯЮ WAREP 34519 1804361 30 88793 40 72010//=
2020-02-18 04:42:00;ЩЭОЯЮ WAREP 34519 1804421 30 88792 40 71010//=
2020-02-18 04:50:00;ЩЭОЯЮ WAREP 34519 1804501 40 70547//=
2020-02-18 16:08:00;ЩЭОЯЮ WAREP 34519 1816081 30 88793 40 72010//=
2020-02-18 16:20:00;ЩЭОЯЮ WAREP 34519 1816201 30 88792 40 71010//=
2020-02-18 16:32:00;ЩЭОЯЮ WAREP 34519 1816321 40 70547//=
2020-02-19 02:30:00;ЩЭОЯЮ WAREP 34519 1902201 40 72010//=
2020-02-19 02:43:00;ЩЭОЯЮ WAREP 34519 1902431 30 88792 40 71010//=
2020-02-19 03:15:00;ЩЭОЯЮ WAREP 34519 1903151 40 70547//=
2020-02-19 18:20:00;ЩЭОЯЮ WAREP 34519 1918201 40 72010//=
2020-02-19 23:32:00;ЩЭОЯЮ WAREP 34519 1923321 40 71010//=
2020-02-21 04:35:00;ЩЭОЯЮ WAREP 34519 2104351 40 72085//=
2020-02-21 04:45:00;ЩЭОЯЮ WAREP 34519 2104451 40 71084//=
2020-02-21 08:05:00;ЩЭОЯЮ WAREP 34519 2108051 40 71084//=
2020-02-21 09:15:00;ЩЭОЯЮ WAREP 34519 2109151 40 72084//=
2020-02-21 09:47:00;ЩЭОЯЮ WAREP 34519 2109471 40 71084//=
2020-02-21 23:50:00;ЩЭОЯЮ WAREP 34519 2123501 30 88793 40 72010//=
2020-02-22 00:40:00;ЩЭОЯЮ WAREP 34519 2200401 30 88792 40 71010//=
2020-02-27 11:52:00;ЩЭОЯЮ WAREP 34519 2511521 40 72068//=
2020-02-28 05:52:00;ЩЭОЯЮ WAREP 34519 2805521 30 87793 40 72010//=
2020-02-28 11:10:00;ЩЭОЯЮ WAREP 34519 2811101 40 72010//=
2020-02-28 11:30:00;ЩЭОЯЮ WAREP 34519 2811301 40 71010//=
2020-04-15 06:42:00;ЩЭОЯЮ WAREP 34519 1506421 40 72084//=
2020-05-03 23:45:00;ЩЭОЯЮ WAREP 34519 0323451 40 72010//=
2020-05-04 01:55:00;ЩЭОЯЮ WAREP 34519 0401551 40 71010//=
2020-05-04 02:05:00;ЩЭОЯЮ WAREP 34519 0402051 40 70547//=
2020-05-04 23:35:00;ЩЭОЯЮ WAREP 34519 0423351 40 72010//=
2020-05-05 02:30:00;ЩЭОЯЮ WAREP 34519 0502301 40 71010//=
2020-05-06 01:56:00;ЩЭОЯЮ WAREP 34519 0601561 40 72010//=
2020-05-06 02:12:00;ЩЭОЯЮ WAREP 34519 0602121 40 71010//=
2020-05-06 02:47:00;ЩЭОЯЮ WAREP 34519 0602471 40 70547//=
2020-05-07 00:15:00;ЩЭОЯЮ WAREP 34519 0700151 40 72010//=
2020-05-07 02:20:00;ЩЭОЯЮ WAREP 34519 0702201 40 71010//=
2020-05-07 03:10:00;ЩЭОЯЮ WAREP 34519 0703101 40 70547//=
2020-05-09 01:50:00;ЩЭОЯЮ WAREP 34519 0901501 40 72010//=
2020-05-09 01:50:00;ЩЭОЯЮ WAREP 34519 0901501 40 72010//=
2020-05-27 03:31:00;ЩЭОЯЮ WAREP 34519 2703311 40 72010//=
2020-05-29 20:25:00;ЩЭОЯЮ WAREP 34519 2920251 40 72010//=
2020-06-03 16:32:00;ЩЭОЯЮ WAREP 34519 0316321 40 72081//=
2020-06-13 23:49:00;ЩЭОЯЮ WAREP 34519 1323491 40 72010//=
2020-06-14 00:45:00;ЩЭОЯЮ WAREP 34519 1400451 40 71010//=
2020-06-14 01:05:00;ЩЭОЯЮ WAREP 34519 1401051 40 70546//=
2020-07-31 15:03:00;ЩЭОЯЮ WAREP 34519 3115031 40 72081//=
2020-09-30 13:54:00;ЩЭОЯЮ WAREP 34519 3013541 40 72032// 1111020=
2020-09-30 15:48:00;ЩЭОЯЮ WAREP 34519 3015481 40 71032// 1141018=
2020-10-12 05:18:00;ЩЭОЯЮ WAREP 34519 1205181 30 88793 40 72010//=
2020-10-12 05:25:00;ЩЭОЯЮ WAREP 34519 1205251 40 71010//=
2020-10-20 04:30:00;ЩЭОЯЮ WAREP 34519 2004301 40 72010//=
2020-10-20 04:35:00;ЩЭОЯЮ WAREP 34519 2004351 40 71010//=
2020-10-21 04:00:00;ЩЭОЯЮ WAREP 34519 2104001 40 72010//=
2020-10-21 04:15:00;ЩЭОЯЮ WAREP 34519 2104151 40 71010//=
2020-10-30 05:35:00;ЩЭОЯЮ WAREP 34519 3005351 30 88792 40 71010//=
2020-10-30 06:15:00;ЩЭОЯЮ WAREP 34519 3006151 40 70547//=
2020-10-30 20:35:00;ЩЭОЯЮ WAREP 34519 3020351 40 72010//=
2020-10-30 21:25:00;ЩЭОЯЮ WAREP 34519 3021251 40 71010//=
2020-10-31 13:25:00;ЩЭОЯЮ WAREP 34519 3113251 40 72010//=
2020-11-08 00:25:00;ЩЭОЯЮ WAREP 34519 0800251 40 72010//=
2020-11-08 00:45:00;ЩЭОЯЮ WAREP 34519 0800451 40 71010//=
2020-11-08 01:55:00;ЩЭОЯЮ WAREP 34519 0801551 40 70546//=
2020-11-09 02:53:00;ЩЭОЯЮ WAREP 34519 0902531 40 72010//=
2020-11-26 03:25:00;ЩЭОЯЮ WAREP 34519 2603251 40 72010//=
2020-11-27 17:40:00;ЩЭОЯЮ WAREP 34519 2717401 40 72010//=
2020-11-28 02:15:00;ЩЭОЯЮ WAREP 34519 2802151 40 71010//=
2020-11-28 03:10:00;ЩЭОЯЮ WAREP 34519 2803101 40 70547//=
2020-11-29 01:20:00;ЩЭОЯЮ WAREP 34519 2901201 30 88793 40 72010//=
2020-11-29 02:43:00;ЩЭОЯЮ WAREP 34519 2902431 30 88792 40 71010//=
2020-11-30 05:50:00;ЩЭОЯЮ WAREP 34519 3005501 40 72010//=
2020-11-30 06:22:00;ЩЭОЯЮ WAREP 34519 3006211 40 71010//=
2020-12-04 09:55:00;ЩЭОЯЮ WAREP 34519 0409551 30 88793 40 71010//=
2020-12-13 05:30:00;ЩЭОЯЮ WAREP 34519 1305301 30 88793 40 72010//=
2020-12-13 19:15:00;ЩЭОЯЮ WAREP 34519 1319151 40 72010//=
2020-12-13 20:40:00;ЩЭОЯЮ WAREP 34519 1320401 40 71010//=
2020-12-13 22:10:00;ЩЭОЯЮ WAREP 34519 1322101 40 70549// 50 021021=
2020-12-14 13:25:00;ЩЭОЯЮ WAREP 34519 1413251 30 88793 40 72010//=
2020-12-14 13:34:00;ЩЭОЯЮ WAREP 34519 1413341 40 71010//=
2020-12-14 17:07:00;ЩЭОЯЮ WAREP 34519 1417071 40 70549// 50 //1011=
2020-12-17 02:40:00;ЩЭОЯЮ WAREP 34519 1702401 30 88793 40 72010//=
2020-12-17 19:45:00;ЩЭОЯЮ WAREP 34519 1719451 30 88793 40 72010//=
2020-12-17 20:20:00;ЩЭОЯЮ WAREP 34519 1720201 40 71010//=
2020-12-19 08:04:00;ЩЭОЯЮ WAREP 34519 1908041 30 88793 40 72010//=
2020-12-20 00:37:00;ЩЭОЯЮ WAREP 34519 2000371 30 88793 40 72010//=
2020-12-20 02:48:00;ЩЭОЯЮ WAREP 34519 2002481 30 88792 40 71010//=
2020-12-21 12:40:00;ЩЭОЯЮ WAREP 34519 2112401 40 72071//=
2020-12-21 13:45:00;ЩЭОЯЮ WAREP 34519 2113451 40 72010//=
2020-12-23 21:08:00;ЩЭОЯЮ WAREP 34519 2321081 30 88793 40 72010//=
2020-12-23 21:25:00;ЩЭОЯЮ WAREP 34519 2321251 30 88792 40 71010//=
2020-12-25 05:05:00;ЩЭОЯЮ WAREP 34519 2505051 30 88793 40 72010//=
2020-12-25 05:15:00;ЩЭОЯЮ WAREP 34519 2505151 40 71010//=
2020-12-25 06:12:00;ЩЭОЯЮ WAREP 34519 2506121 40 70549//=
2020-12-25 08:55:00;ЩЭОЯЮ WAREP 34519 2508551 40 72071//=
2020-12-25 09:30:00;ЩЭОЯЮ WAREP 34519 2509301 40 71086//=
2020-12-25 15:10:00;ЩЭОЯЮ WAREP 34519 2515101 30 87793 40 72010//=
2020-12-25 15:25:00;ЩЭОЯЮ WAREP 34519 2515251 40 71010//=
2020-12-25 19:50:00;ЩЭОЯЮ WAREP 34519 2519501 40 70547//=
2020-12-28 23:32:00;ЩЭОЯЮ WAREP 34519 2823321 40 72010//=
2020-12-29 00:15:00;ЩЭОЯЮ WAREP 34519 2900151 30 88793 40 71010//=
2020-12-29 02:32:00;ЩЭОЯЮ WAREP 34519 2902321 40 70547//=
2021-01-02 06:40:00;ЩЭОЯЮ WAREP 34519 0206401 30 88793 40 71010//=
2021-01-02 07:10:00;ЩЭОЯЮ WAREP 34519 0207101 40 70547//=
2021-01-03 21:15:00;ЩЭОЯЮ WAREP 34519 0321151 30 88793 40 72010//=
2021-01-03 23:25:00;ЩЭОЯЮ WAREP 34519 0323251 40 71010//=
2021-01-04 00:05:00;ЩЭОЯЮ WAREP 34519 0400051 40 70547//=
2021-01-04 14:05:00;ЩЭОЯЮ WAREP 34519 0414051 30 88794 40 73010//=
2021-01-06 09:55:00;ЩЭОЯЮ WAREP 34519 0609551 30 88793 40 72010//=
2021-01-06 10:23:00;ЩЭОЯЮ WAREP 34519 0610231 30 88792 40 71010//=
2021-01-06 10:45:00;ЩЭОЯЮ WAREP 34519 0610451 40 70547//=
2021-01-08 19:45:00;ЩЭОЯЮ WAREP 34519 0819451 40 72010//=
2021-01-08 20:55:00;ЩЭОЯЮ WAREP 34519 0820551 40 71010//=
2021-01-08 21:30:00;ЩЭОЯЮ WAREP 34519 0821301 40 70547//=
2021-01-13 07:58:00;ЩЭОЯЮ WAREP 34519 1307581 40 72010//=
2021-01-13 08:20:00;ЩЭОЯЮ WAREP 34519 1308201 30 88793 40 71010//=
2021-01-13 13:15:00;ЩЭОЯЮ WAREP 34519 1313151 40 70547//=
2021-01-15 06:47:00;ЩЭОЯЮ WAREP 34519 1506471 40 72073//=
2021-01-15 08:05:00;ЩЭОЯЮ WAREP 34519 1508051 40 71073//=
2021-01-17 13:30:00;ЩЭОЯЮ WAREP 34519 1713301 40 72073//=
2021-01-17 18:14:00;ЩЭОЯЮ WAREP 34519 1718141 40 72073//=
2021-01-20 23:23:00;ЩЭОЯЮ WAREP 34519 2023231 40 72010//=
2021-01-21 23:10:00;ЩЭОЯЮ WAREP 34519 2123101 30 88793 40 72010//=
2021-01-21 23:48:00;ЩЭОЯЮ WAREP 34519 2123481 30 88792 40 71010//=
2021-01-22 00:15:00;ЩЭОЯЮ WAREP 34519 2200151 40 70547//=
2021-01-23 06:30:00;ЩЭОЯЮ WAREP 34519 2306301 30 88793 40 72010//=
2021-01-23 06:55:00;ЩЭОЯЮ WAREP 34519 2306551 40 71010//=
2021-01-28 10:05:00;ЩЭОЯЮ WAREP 34519 2810051 40 72010//=
2021-01-28 10:15:00;ЩЭОЯЮ WAREP 34519 2810151 30 88793 40 71010//=
2021-01-29 06:42:00;ЩЭОЯЮ WAREP 34519 2906421 40 72071//=
2021-01-31 07:02:00;ЩЭОЯЮ WAREP 34519 3107021 30 88793 40 72010//=
2021-02-01 04:18:00;ЩЭОЯЮ WAREP 34519 0104181 30 88793 40 72010//=
2021-02-01 04:32:00;ЩЭОЯЮ WAREP 34519 0104321 30 88792 40 71010//=
2021-02-01 04:45:00;ЩЭОЯЮ WAREP 34519 0104451 40 70547//=
2021-02-02 20:45:00;ЩЭОЯЮ WAREP 34519 0220451 30 88793 40 72010//=
2021-02-02 21:15:00;ЩЭОЯЮ WAREP 34519 0221151 40 71010//=
2021-02-02 21:30:00;ЩЭОЯЮ WAREP 34519 0221301 40 70547//=
2021-02-03 09:15:00;ЩЭОЯЮ WAREP 34519 0309151 40 72010//=
2021-02-03 13:35:00;ЩЭОЯЮ WAREP 34519 0313351 30 88793 40 72010//=
2021-02-03 13:40:00;ЩЭОЯЮ WAREP 34519 0313401 40 71010//=
2021-02-03 15:37:00;ЩЭОЯЮ WAREP 34519 0315371 40 70547//=
2021-02-08 18:58:00;ЩЭОЯЮ WAREP 34519 0818581 40 72038// 1090612=
2021-02-08 19:15:00;ЩЭОЯЮ WAREP 34519 0819151 40 71038// 1090612=
2021-02-09 13:10:00;ЩЭОЯЮ WAREP 34519 0913101 40 72010//=
2021-02-09 13:15:00;ЩЭОЯЮ WAREP 34519 0913151 30 88793 40 71010//=
2021-02-09 14:45:00;ЩЭОЯЮ WAREP 34519 0914451 40 70549//=
2021-02-10 11:49:00;ЩЭОЯЮ WAREP 34519 1011491 30 88792 40 72010//=
2021-02-10 12:05:00;ЩЭОЯЮ WAREP 34519 1012051 30 88791 40 71010//=
2021-02-10 12:15:00;ЩЭОЯЮ WAREP 34519 1012151 40 70547//=
2021-02-11 13:03:00;ЩЭОЯЮ WAREP 34519 1113031 30 88792 40 71010//=
2021-02-11 17:05:00;ЩЭОЯЮ WAREP 34519 1117051 40 70547//=
2021-02-21 11:17:00;ЩЭОЯЮ WAREP 34519 2111171 40 72010//=
2021-02-22 23:30:00;ЩЭОЯЮ WAREP 34519 2223301 40 72010//=
2021-02-25 20:42:00;ЩЭОЯЮ WAREP 34519 2520421 40 72010//=
2021-02-26 05:00:00;ЩЭОЯЮ WAREP 34519 2605001 40 72010//=
2021-02-27 00:12:00;ЩЭОЯЮ WAREP 34519 2700121 40 72010//=
2021-02-27 00:20:00;ЩЭОЯЮ WAREP 34519 2700201 30 88792 40 71010//=
2021-02-27 00:35:00;ЩЭОЯЮ WAREP 34519 2700351 40 70547//=
2021-03-05 06:30:00;ЩЭОЯЮ WAREP 34519 0506301 30 88793 40 72010//=
2021-03-05 07:50:00;ЩЭОЯЮ WAREP 34519 0507501 30 88792 40 71010//=
2021-03-05 18:55:00;ЩЭОЯЮ WAREP 34519 0518551 30 88793 40 72010//=
2021-03-06 02:25:00;ЩЭОЯЮ WAREP 34519 0602251 30 88792 40 71010//=
2021-03-06 05:12:00;ЩЭОЯЮ WAREP 34519 0605121 40 72085//=
2021-03-06 05:46:00;ЩЭОЯЮ WAREP 34519 0605461 40 71086//=
2021-03-06 08:40:00;ЩЭОЯЮ WAREP 34519 0608401 40 72073//=
2021-03-09 05:25:00;ЩЭОЯЮ WAREP 34519 0905251 40 72085//=
2021-03-09 06:55:00;ЩЭОЯЮ WAREP 34519 0906551 40 72085//=
2021-03-09 07:00:00;ЩЭОЯЮ WAREP 34519 0907001 40 71086//=
2021-03-13 09:50:00;ЩЭОЯЮ WAREP 34519 1309501 40 72073//=
2021-03-13 20:30:00;ЩЭОЯЮ WAREP 34519 1320301 40 72071//=
2021-03-17 00:45:00;ЩЭОЯЮ WAREP 34519 1700451 40 72010//=
2021-03-17 01:30:00;ЩЭОЯЮ WAREP 34519 1701301 40 71010//=
2021-03-17 06:10:00;ЩЭОЯЮ WAREP 34519 1706101 40 72010//=
2021-03-17 07:16:00;ЩЭОЯЮ WAREP 34519 1707161 40 71010//=
2021-03-17 07:52:00;ЩЭОЯЮ WAREP 34519 1707521 40 70547//=
2021-03-17 11:28:00;ЩЭОЯЮ WAREP 34519 1711281 40 74010// 88794=
2021-03-17 20:30:00;ЩЭОЯЮ WAREP 34519 1720301 30 88793 40 72010//=
2021-03-18 01:33:00;ЩЭОЯЮ WAREP 34519 1801331 30 88792 40 71010//=
2021-03-18 01:53:00;ЩЭОЯЮ WAREP 34519 1801531 40 70547//=
2021-03-18 23:35:00;ЩЭОЯЮ WAREP 34519 1823351 40 72010//=
2021-03-19 01:15:00;ЩЭОЯЮ WAREP 34519 1901151 40 71010//=
2021-03-19 03:36:00;ЩЭОЯЮ WAREP 34519 1903361 40 70547//=
2021-03-20 03:40:00;ЩЭОЯЮ WAREP 34519 2003401 40 72010//=
2021-03-20 23:28:00;ЩЭОЯЮ WAREP 34519 2023281 40 72010//=
2021-03-21 00:15:00;ЩЭОЯЮ WAREP 34519 2100151 40 71010//=
2021-03-21 00:32:00;ЩЭОЯЮ WAREP 34519 2100321 40 70549// 50 //1011=
2021-03-23 03:48:00;ЩЭОЯЮ WAREP 34519 2303481 40 72010//=
2021-03-23 04:03:00;ЩЭОЯЮ WAREP 34519 2304031 40 71010//=
2021-03-23 04:40:00;ЩЭОЯЮ WAREP 34519 2304401 40 70584//=
2021-03-23 08:10:00;ЩЭОЯЮ WAREP 34519 2308101 40 72084//=
2021-03-24 13:53:00;ЩЭОЯЮ WAREP 34519 2413531 40 72010//=
2021-03-25 15:12:00;ЩЭОЯЮ WAREP 34519 2515121 40 72010//=
2021-04-03 07:45:00;ЩЭОЯЮ WAREP 34519 0307451 40 72010//=
2021-04-04 23:42:00;ЩЭОЯЮ WAREP 34519 0423421 30 88792 40 72010//=
2021-04-05 00:15:00;ЩЭОЯЮ WAREP 34519 0500151 40 71010//=
2021-04-05 00:40:00;ЩЭОЯЮ WAREP 34519 0500401 40 70547//=
2021-04-13 04:00:00;ЩЭОЯЮ WAREP 34519 1304001 40 72010//=
2021-04-15 23:07:00;ЩЭОЯЮ WAREP 34519 1523071 40 72010//=
2021-04-15 23:45:00;ЩЭОЯЮ WAREP 34519 1523451 40 71010//=
2021-04-16 00:24:00;ЩЭОЯЮ WAREP 34519 1600241 40 70547//=
2021-05-11 04:20:00;ЩЭОЯЮ WAREP 34519 1104201 30 88792 40 72010//=
2021-05-12 15:45:00;ЩЭОЯЮ WAREP 34519 1215451 40 72081//=
2021-05-13 00:10:00;ЩЭОЯЮ WAREP 34519 1300101 40 72010//=
2021-05-25 02:52:00;ЩЭОЯЮ WAREP 34519 2502521 40 72010//=
2021-05-25 03:05:00;ЩЭОЯЮ WAREP 34519 2503051 40 70547//=
2021-06-01 12:45:00;ЩЭОЯЮ WAREP 34519 0112451 40 72081//=
2021-06-01 19:00:00;ЩЭОЯЮ WAREP 34519 0119001 40 72010//=
2021-06-01 19:40:00;ЩЭОЯЮ WAREP 34519 0119401 40 71010//=
2021-06-01 20:20:00;ЩЭОЯЮ WAREP 34519 0120201 40 70547//=
2021-06-02 03:35:00;ЩЭОЯЮ WAREP 34519 0203351 40 72081//=
2021-06-04 01:10:00;ЩЭОЯЮ WAREP 34519 0401101 40 71010//=
2021-06-04 01:22:00;ЩЭОЯЮ WAREP 34519 0401221 40 70547//=
2021-06-08 20:47:00;ЩЭОЯЮ WAREP 34519 0820471 40 72010//=
2021-06-08 21:10:00;ЩЭОЯЮ WAREP 34519 0821101 30 88793 40 71010//=
2021-06-08 21:15:00;ЩЭОЯЮ WAREP 34519 0821151 40 70547//=
2021-06-10 02:33:00;ЩЭОЯЮ WAREP 34519 1002331 40 72010//=
2021-06-10 02:48:00;ЩЭОЯЮ WAREP 34519 1002481 40 71010//=
2021-06-10 03:03:00;ЩЭОЯЮ WAREP 34519 1003031 40 70547//=
2021-06-10 21:30:00;ЩЭОЯЮ WAREP 34519 1021301 40 72010//=
2021-06-10 23:25:00;ЩЭОЯЮ WAREP 34519 1023251 40 71010//=
2021-06-13 00:25:00;ЩЭОЯЮ WAREP 34519 1300251 40 72010//=
2021-06-13 01:23:00;ЩЭОЯЮ WAREP 34519 1301231 40 71010//=
2021-06-13 01:27:00;ЩЭОЯЮ WAREP 34519 1301271 40 70546//=
2021-06-14 03:02:00;ЩЭОЯЮ WAREP 34519 1403021 30 88793 40 72010//=
2021-06-14 03:05:00;ЩЭОЯЮ WAREP 34519 1403051 30 88792 40 71010//=
2021-06-14 03:09:00;ЩЭОЯЮ WAREP 34519 1403091 40 70547//=
